﻿<?xml version="1.0" encoding="UTF-8"?><SLA Version="1.0"><TxList><Tx>vuser_end_Transaction</Tx><Tx>02_purchase</Tx><Tx>01_login</Tx><Tx>vuser_init_Transaction</Tx><Tx>Action_Transaction</Tx></TxList><SLARules><TrackingPeriodType>Default</TrackingPeriodType><TrackingPeriodValue></TrackingPeriodValue><TrackingPeriodTimeScale></TrackingPeriodTimeScale><RulesGroup Type="ComplexLoad"><Name>Complex Load Based Rules</Name><ComplexLoadRule Name="transaction_response_time_01_login"><Measurement>transaction_response_time</Measurement><SubMeasurement>01_login</SubMeasurement><CriteriaMeasurement>None</CriteriaMeasurement><CalcDirection>less_than_equal</CalcDirection><ThresholdsCollection><Threshold><StartLoadValue>NegativeInfinity</StartLoadValue><EndLoadValue>PositiveInfinity</EndLoadValue><ThresholdValue>1</ThresholdValue></Threshold></ThresholdsCollection></ComplexLoadRule><ComplexLoadRule Name="transaction_response_time_02_purchase"><Measurement>transaction_response_time</Measurement><SubMeasurement>02_purchase</SubMeasurement><CriteriaMeasurement>None</CriteriaMeasurement><CalcDirection>less_than_equal</CalcDirection><ThresholdsCollection><Threshold><StartLoadValue>NegativeInfinity</StartLoadValue><EndLoadValue>PositiveInfinity</EndLoadValue><ThresholdValue>3</ThresholdValue></Threshold></ThresholdsCollection></ComplexLoadRule></RulesGroup></SLARules></SLA>