<?xml version="1.0" encoding="UTF-8"?><SLA Version="1.0"><TxList><Tx>BookFlight_00_FirstPage</Tx><Tx>BookFlight_01_LogIn</Tx><Tx>BookFlight_02_SelectFlightsButton</Tx><Tx>BookFlight_03_FindFlight</Tx><Tx>BookFlight_04_SelectFlight</Tx><Tx>BookFlight_05_PaymentDetails</Tx><Tx>BookFlight_06_SignOff</Tx><Tx>BookFlight_Transaction</Tx><Tx>Itinerary_00_FirstPage</Tx><Tx>Itinerary_01_Login</Tx><Tx>Itinerary_02_SelectItineraryButton</Tx><Tx>Itinerary_03_SignOff</Tx><Tx>Itinerary_Transaction</Tx><Tx>RegisterUser_00_FirstPage</Tx><Tx>RegisterUser_01_ClickSignUpNowLink</Tx><Tx>RegisterUser_02_CustomerProfile</Tx><Tx>RegisterUser_Transaction</Tx><Tx>vuser_end_Transaction</Tx><Tx>vuser_init_Transaction</Tx></TxList><SLARules><TrackingPeriodType>Default</TrackingPeriodType><TrackingPeriodValue></TrackingPeriodValue><TrackingPeriodTimeScale></TrackingPeriodTimeScale><RulesGroup Type="PercentileRule"><Name>Percentile Based Rules</Name><PercentileRule Name="transaction_response_time_percentile_BookFlight_Transaction"><Percentage>85</Percentage><Value>5</Value><Measurement>transaction_response_time_percentile</Measurement><SubMeasurement>BookFlight_Transaction</SubMeasurement></PercentileRule><PercentileRule Name="transaction_response_time_percentile_Itinerary_Transaction"><Percentage>85</Percentage><Value>5</Value><Measurement>transaction_response_time_percentile</Measurement><SubMeasurement>Itinerary_Transaction</SubMeasurement></PercentileRule><PercentileRule Name="transaction_response_time_percentile_RegisterUser_Transaction"><Percentage>85</Percentage><Value>5</Value><Measurement>transaction_response_time_percentile</Measurement><SubMeasurement>RegisterUser_Transaction</SubMeasurement></PercentileRule><PercentileRule Name="transaction_response_time_percentile_vuser_end_Transaction"><Percentage>85</Percentage><Value>5</Value><Measurement>transaction_response_time_percentile</Measurement><SubMeasurement>vuser_end_Transaction</SubMeasurement></PercentileRule><PercentileRule Name="transaction_response_time_percentile_vuser_init_Transaction"><Percentage>85</Percentage><Value>5</Value><Measurement>transaction_response_time_percentile</Measurement><SubMeasurement>vuser_init_Transaction</SubMeasurement></PercentileRule></RulesGroup></SLARules></SLA>